{"cameraMode":{"drawMode":0,"name":"Shaded","section":"Shading Mode"},"sceneLighting":true,"audioPlay":false,"sceneViewState":{"m_AlwaysRefresh":false,"showFog":true,"showSkybox":true,"showFlares":true,"showImageEffects":true,"showParticleSystems":true,"showVisualEffectGraphs":true,"m_FxEnabled":true},"in2DMode":false,"pivot":{"x":-29.425235748291017,"y":0.5082435607910156,"z":22.418441772460939},"rotation":{"x":-0.16633622348308564,"y":0.36773765087127688,"z":-0.06703611463308335,"w":-0.9124833941459656},"size":33.59917068481445,"orthographic":false}